{
  "accuracy": 0.9203263738900888,
  "auroc": 0.9205029689137268,
  "precision": 0.16,
  "recall": 0.7792207792207793,
  "f1_score": 0.26548672566371684,
  "confusion_matrix": [
    [
      3775,
      315
    ],
    [
      17,
      60
    ]
  ],
  "fraud_rate": 0.018478521718262537,
  "sample_count": 4167,
  "baseline_accuracy": 0.9207263418926486,
  "performance_drop": 0.000399968002559814
}